rank,album_id,artist_id
1,1PULmKbHeOqlkIwcDMNwD4,3WrFJ7ztbogyGnTHbHJFl2
2,6GphKx2QAPRoVGWE9D7ou8,3oDbviiivRWhXwIE8hxkVV
3,0PYyrqs9NXtxPhf0CZkq2L,3WrFJ7ztbogyGnTHbHJFl2
4,6YabPKtZAjxwyWbuO9p4ZD,74ASZWbe4lXaubB36ztrGX
5,3OdI6e43crvyAHhaqpxSyz,3WrFJ7ztbogyGnTHbHJFl2
6,4gp6F03qAJCvKYoAGSrHVk,3koiLjNrgRTNbOwViDipeA
7,5dBQ20ppdPxo5bqkoeTKnN,22bE4uQ6baNwSHPVcDxLCe
8,6FCzvataOZh68j8OKzOt9a,3RGLhK1IP9jnYFH4BRFJBS
9,4NP1rhnsPdYpnyJP0p0k0L,74ASZWbe4lXaubB36ztrGX
10,03Qh833fEdVT30Pfs93ea6,3WrFJ7ztbogyGnTHbHJFl2
11,2w9qV3ELWjmpGBDxBPmYif,43ZHCT0cAZBISjO8DG9PnE
12,4sb0eMpDn3upAFfyi4q2rw,0kbYTNQb4Pb1rPbbaF0pT4
13,02O0Ea7JGwlLq8faAiv1MN,1nJvji2KIlWSseXRSlNYsC
14,2Pqkn9Dq2DFtdfkKAeqgMd,3WrFJ7ztbogyGnTHbHJFl2
15,7rSZXXHHvIhF4yUFdaOCy9,776Uo845nYHJpNaStv1Ds4
16,4WD4pslu83FF6oMa1e19mF,74ASZWbe4lXaubB36ztrGX
17,2uEf3r9i2bnxwJQsxQ0xQ7,6olE6TJLqED3rqDCT0FyPh
18,43YIoHKSrEw2GJsWmhZIpu,3eqjTLE0HfPfh78zjh6TqT
19,4pG3bKkbmReDt5QTDn3JDz,44NX2ffIYHr6D4n7RaZF7A
20,1C2h7mLntPSeVYciMRTF4a,3fMbdgg4jU18AjLCKBhRSm
21,1MEavknY0Ptw78jnCMYsa6,293zczrfYafIItmnmM3coR
22,5lQYtmPhbIIsrUtAVnzyeT,0f8MDDzIc6M4uH1xH0o0gy
23,0DFYbYCcHCEJPcN1hODG6K,4x1nvY2FN8jxqAFA0DA02H
24,5w9X19CBZUHOcQZjrUcDZ6,7guDJrEfX3qb6FEbdPA5qi
25,3PLw2q9EG7HAAy8vITJRkE,7GaxyUddsPok8BuhxN6OUW
26,1bt6q2SruMsBtcerNVtpZB,08GQAI4eElDnROBrJRGE0X
27,5OkSkzxPZuziL8waHmU8Zd,51Blml2LZPmy7TTiAg47vQ
28,3ipneUq3vZhmTXOFZMoHkf,67ea9eGLXYMsO2eYQRui3w
29,1J8QW9qsMLx3staWaHpQmU,36QJpDe2go2KgaRleHCDTp
30,1vz94WpXDVYIEGja8cjFNa,5hW4L92KnC6dX9t7tYM4Ve
31,1lPoRKSgZHQAYXxzBsOQ7v,74ASZWbe4lXaubB36ztrGX
32,0c78nsgqX6VfniSNWIxwoD,22bE4uQ6baNwSHPVcDxLCe
33,5uYDAwW0SZgcfOFkxrST64,1co4F2pPNH8JjTutZkmgSm
34,0nuPXgAXAfPmz9AW1PPrlk,4vpDg7Y7fU982Ds30zawDA
35,48D1hRORqJq52qsnUYZX56,0oSGxfWSnnOXhD2fKuz2Gy
36,12n11cgnpjXKLeqrnIERoS,319yZVtYM9MBGqmSQnMyY6
37,2widuo17g5CEC66IbzveRu,0ECwFtbIWEVNwjlrfc6xoL
38,5HM0XnToWhSPYEStptvUYt,4y6J8jwRAwO4dssiSmN91R
39,7gDXyW16byCQOgK965BRzn,3WrFJ7ztbogyGnTHbHJFl2
40,2amHBpP8C0EUy6yBNy6nN6,3Q6OOkfssqoMSTtl11J5Uk
41,6ggO3YVhyonYuFWUPBRyIv,1u7kkVrr14iBvrpYnZILJR
42,1jWmEhn3ggaL6isoyLfwBn,22WZ7M8sxp5THdruNY3gXt
43,2WT1pbYjLJciAR26yMebkH,0k17h0D3J5VfsdmQ1iZtE9
44,7xg7u99lilTCPbaRfnYuy6,0vYkHhJ48Bs3jWcvZXvOrP
45,0nPrnmv6maJLLaPpy1cWGB,4vpDg7Y7fU982Ds30zawDA
46,4qsXcmAgPNSliu6oMQGOQ9,2QsynagSdAqZj3U9HgDzjD
47,5cKg5nyFcq8ykeiFposAcy,2hGh5VOeeqimQFxqXvfCUf
48,3fnVPzF3kChsDGYdBOkLZc,6Mo9PoU6svvhgEum7wh2Nd
49,35w2w6W38bXCo4bG1akRe9,4wQ3PyMz3WwJGI5uEqHUVR
50,69UFrsDQ6XATSYfYRSFb5J,4xls23Ye9WR9yy3yYMpAMm
51,0JwHz5SSvpYWuuCNbtYZoV,70cRZdQywnSFp9pnc2WTCE
52,6W0V8B0fJItvOwC8v114rZ,3dkbV4qihUeMsqN4vBGg93
53,6IKycpEVcUtUpUKUa2DeOf,5WwKEo5A3gZBAvo7pqlqpa
54,3RPMCDSd1yj37hlqbizmeT,1eYhYunlNJlDoQhtYBvPsi
55,5z090LQztiqh13wYspQvKQ,776Uo845nYHJpNaStv1Ds4
56,0C3t1htEDTFKcg7F2rNbek,43ZHCT0cAZBISjO8DG9PnE
57,0BBWJ3L9fhkmNLdt4zs4fu,7guDJrEfX3qb6FEbdPA5qi
58,5WZFtmADuJUZPtt0NER0Qi,22bE4uQ6baNwSHPVcDxLCe
59,1NmziwkZZuCeJLsqu05UwP,3IYUhFvPQItj6xySrBmZkd
60,0,2k8kY9zHUWxuTtwV4UutHw
61,0UM9SydcBtsklCTFgGLvcT,5m8H6zSadhu1j9Yi04VLqD
62,3I9Z1nDCL4E0cP62flcbI5,3qm84nBOXUEQ2vnTfUTTFC
63,3hErePSImi79vYHrSmypGw,51Blml2LZPmy7TTiAg47vQ
64,3i3imP9g6gCc6VzeeyduXZ,22bE4uQ6baNwSHPVcDxLCe
65,1,
66,5PfnCqRbdfIDMb1x3MPQam,44NX2ffIYHr6D4n7RaZF7A
67,19RUXBFyM4PpmrLRdtqWbp,4Z8W4fKeB5YxbusRsdQVPb
68,2ZytN2cY4Zjrr9ukb2rqTP,3fMbdgg4jU18AjLCKBhRSm
69,44Ig8dzqOkvkGDzaUof9lK,36QJpDe2go2KgaRleHCDTp
70,1Mhn9VosyjtWn4dMPFlna6,6zFYqv1mOsgBRQbae3JJ9e
71,6WgGWYw6XXQyLTsWt7tXky,2CvCyf1gEVhI0mX6aFXmVI
72,6EE7W9L4RiZ10L9duKHCYS,2AV6XDIs32ofIJhkkDevjm
73,1lZahjeu4AhPkg9JARZr5F,36QJpDe2go2KgaRleHCDTp
74,5EVlXlHbRQI8ybuNt4ArXI,6v8FB84lnmJs434UJf2Mrm
75,11vTACMkaTq4urfwn9QzEM,7GaxyUddsPok8BuhxN6OUW
76,7nXJ5k4XgRj5OLg9m8V3zc,5a2EaR3hamoenG9rDuVn8j
77,6mUdeDZCsExyJLMdAfDuwh,711MCceyCBcFnzjGY4Q7Un
78,68BCjMsHX4Gf11BJSkjwGz,60df5JBRRPcnSpsIMxxwQm
79,70lQYZtypdCALtFVlQAcvx,36QJpDe2go2KgaRleHCDTp
80,0xzaemKucrJpYhyl7TltAk,4x1nvY2FN8jxqAFA0DA02H
81,49kzgMsxHU5CTeb2XmFHjo,3RGLhK1IP9jnYFH4BRFJBS
82,0tdm853TNWjVVChbJRbu3Q,6v8FB84lnmJs434UJf2Mrm
83,3uFZf8rykoHo7XMIQVYW6r,776Uo845nYHJpNaStv1Ds4
84,5WndWfzGwCkHzAbQXVkg2V,7nwUJBm0HE4ZxD3f5cy5ok
85,7lEOKZaOpqP70UYqdLPejG,7nwUJBm0HE4ZxD3f5cy5ok
86,0PMasrHdpaoIRuHuhHp72O,3eqjTLE0HfPfh78zjh6TqT
87,6WaIQHxEHtZL0RZ62AuY0g,0k17h0D3J5VfsdmQ1iZtE9
88,784THwrPRbheFoUMDEpWh8,6kACVPfCOnqzgfEF5ryl0x
89,5FRB5oQaHxlDNe6gMGuzu2,5zaXYwewAXedKNCff45U5l
90,7vgpBNK5xPmS3Mu2Hl9O0D,7guDJrEfX3qb6FEbdPA5qi
91,5kRxjqksGBxJ9AxrAisUZ4,3PhoLpVuITZKcymswpck5b
92,3oU3OPTKI0JfsVunkeODJE,3wYyutjgII8LJVVOLrGI0D
93,1XsXHctYSQNyAd9BANCk2B,5a2EaR3hamoenG9rDuVn8j
94,6xSIkWmRSu7INDL0jf4WsN,1FClsNYBUoNFtGgzeG74dW
95,1wVO8nHzgcim0IBzbXnYX0,0kbYTNQb4Pb1rPbbaF0pT4
96,5V71sHQYacjPbHlLsLmk7i,67ea9eGLXYMsO2eYQRui3w
97,0o1uFxZ1VTviqvNaYkTJek,74ASZWbe4lXaubB36ztrGX
98,3QyqhSxACBlGzsai7TqB1G,4qmHkMxr6pTWh5Zo74odpH
99,0ihYToxMgYcuHuxOKjGQKO,5m8H6zSadhu1j9Yi04VLqD
100,7K6JtyaSSVr7HidQsCHun0,2jgPkn6LuUazBoBk6vvjh5
101,3GmwKB1tgPZgXeRJZSm9WX,1Mxqyy3pSjf8kZZL4QVxS0
102,7bKTxKs947fCErM4H1BbV8,74oJ4qxwOZvX6oSsu1DGnw
103,3kxiL93hCFCIXkXJBLcYDi,2hGh5VOeeqimQFxqXvfCUf
104,2NEQ5Q4sBbUHVVx3Wf8TEZ,0vn7UBvSQECKJm2817Yf1P
105,1S0UrsFasvly1LGFKDKh4F,1eYhYunlNJlDoQhtYBvPsi
106,7Jb0VtDTacuQdXM3pYyrbv,1co4F2pPNH8JjTutZkmgSm
107,4jiO2jRz7g50ESvYYKsKwZ,6hnWRPzGGKiapVX1UCdEAC
108,6fQElzBNTiEMGdIeY0hy5l,0oSGxfWSnnOXhD2fKuz2Gy
109,19MOC02Ei3l2SalGUGWozw,22bE4uQ6baNwSHPVcDxLCe
110,2ny1rPsLOoKNFZhMLubMrs,1nJvji2KIlWSseXRSlNYsC
111,500FEaUzn8lN9zWFyZG5C2,4Z8W4fKeB5YxbusRsdQVPb
112,4g4nONYbXHsZXVpsuudBJa,1bs7HoMkSyQwcobCpE9KpN
113,2akjxkzFolkeV72Yyv5KrM,5hW4L92KnC6dX9t7tYM4Ve
114,4SMNUQCyTvlO4vFEdXXG45,74oJ4qxwOZvX6oSsu1DGnw
115,5aexsAqRIZhM7wWeAoSOcZ,67ea9eGLXYMsO2eYQRui3w
116,24V2ghp7XhGZzWKjthHq4v,22bE4uQ6baNwSHPVcDxLCe
117,5IJXJ6OL7wtN8nc3EyQj4N,2rc78XDH9zuJP6bm78lU8Z
118,4GRDFQ9HRoO0by8H0r2a3I,5K4W6rqBFWDnAN6FQUkS6x
119,2pBhXw3Hi1hBf8FpAtE101,0iOVhN3tnSvgDbcg25JoJb
120,02XyFDfvHfIwtqOC3o0PcK,1PCZpxHJz7WAMF8EEq8bfc
121,7iwS1r6JHYJe9xpPjzmWqD,5m8H6zSadhu1j9Yi04VLqD
122,01Ip2FMtQwlJncHFfZPVe0,1E85wRssrgXOMUgmBOlpw6
123,7AFsTiojVaB2I58oZ1tMRg,3CQIn7N5CuRDP8wEI7FiDA
124,5MTUjDTUWFuyhWW7oRqqmi,0NHSh9S0VQiFfsEFbvhRXN
125,3j7nicLAWXM0Fb08q9XGyf,4NgfOZCL9Ml67xzM0xzIvC
126,4w9UeNiCO8kr4ZBdWPQKln,2QsynagSdAqZj3U9HgDzjD
127,33puYJ2y5qANDenRmL8BS1,1PCZpxHJz7WAMF8EEq8bfc
128,6mxbG8KrOTZIxlP4gzaliM,4BFMTELQyWJU1SwqcXMBm3
129,3AQgdwMNCiN7awXch5fAaG,2x9SpqnPi8rlE9pjHBwmSC
130,630o1rKTDsLeIPreOY1jqP,0S7Zur2g8YhqlzqtlYStli
131,132qAo1cDiEJdA3fv4xyNK,5M52tdBnJaKSvOpJGz8mfZ
132,7ltJdcLtFh5GFmBHijjrRk,
133,1rmhti8uHw21LnaWMQy608,3eqjTLE0HfPfh78zjh6TqT
134,2HTbQ0RHwukKVXAlTmCZP2,5me0Irg2ANcsgc93uaYrpb
135,3gWSt7qLMXD6vHOT0GPASi,3inCNiUr4R6XQ3W43s9Aqi
136,5wNitMGZs4mCBdbKFbzwzn,3PhoLpVuITZKcymswpck5b
137,47arM25GJraK9aWEk4A1Ve,4WPY0N74T3KUja57xMQTZ3
138,7Jvpj2ktrwZFwN7F41ANX9,6DPYiyq5kWVQS4RGwxzPC7
139,3OoFKxuziLv3B3NxhEJwOW,2JRvXPGWiINrnJljNJhG5s
140,5wc12ZsmXNIlppTmNFZFLU,4tpUmLEVLCGFr93o8hFFIB
141,3Vp5uEx8koFke8NyfElrlD,5xLSa7l4IV1gsQfhAMvl0U
142,2kzkwgOFAtRsDsas5Hi0Qu,
143,1yBoaVrgcup2hX2DCYUajs,320TrJub4arztwXRm7kqVO
144,1X89FxTJxJfDGetf6u0vGm,4EnEZVjo3w1cwcQYePccay
145,5Zxv8bCtxjz11jjypNdkEa,6P7H3ai06vU1sGvdpBwDmE
146,6lPb7Eoon6QPbscWbMsk6a,2qFr8w5sWUITRlzZ9kZotF
147,5bHkK1X4WEOzNvRhehvOcb,1CYsQCypByMVgnv17qsSbQ
148,7gS8ozSkvPW3VBPLnXOZ7S,36QJpDe2go2KgaRleHCDTp
149,6FbFvnlSfEoNhwz5MdK0Dx,6GI52t8N5F02MxU0g5U69P
150,4KT6G8fj8EEIfsyr75hbgc,3eqjTLE0HfPfh78zjh6TqT
151,6ZB8qaR9JNuS0Q0bG1nbcH,3kjuyTCjPG1WMFCiyc5IuB
152,1b33bptQvk6mrSw2kZ6wsp,3gdbcIdNypBsYNu3iiCjtN
153,1p12OAWwudgMqfMzjMvl2a,09hVIj6vWgoCDtT03h8ZCa
154,0Up484rAboIROlHnBvFIZj,0Wxy5Qka8BN9crcFkiAxSR
155,2tgDSklp6SCQhvOaNlfnWy,6yeRY2d7gubXoymv3DAYhS
156,1kmyirVya5fRxdjsPFDM05,03r4iKL2g2442PT9n2UKsx
157,4kT3ewGWBRAOlocyVp03bm,432R46LaYsJZV2Gmc4jUV5
158,2TMYlsU9a7v5Z0fXkmrlJC,3PhoLpVuITZKcymswpck5b
159,1amAo0xUABmNBclEBCPmgQ,07XSN3sPlIlB2L2XNcTwJw
160,6hPt04r4KtO00nwhdGJ8Ox,3dBVyJ7JuOMt4GE9607Qin
161,03HMOcANauhLD0WNrMkmLU,60df5JBRRPcnSpsIMxxwQm
162,7dxKtc08dYeRVHt3p9CZJn,4Z8W4fKeB5YxbusRsdQVPb
163,3U1ht9EdWEI9nMvaqdQI67,5a2EaR3hamoenG9rDuVn8j
164,2,1sXbwvCQLGZnaH0Jp2HTVc
165,6RgX6mXKrsJYgGpX5K2JQJ,3koiLjNrgRTNbOwViDipeA
166,6Iyeo7CPHen8QEW4x31TpI,4qmHkMxr6pTWh5Zo74odpH
167,0cmQxbV8TsbNshzBjfCAO5,2ye2Wgw4gimLv2eAKyk1NB
168,1TW8o6uO3kHILvs9XW4mYn,2BGRfQgtzikz1pzAD0kaEn
169,3q8y9MBuOdOzwJb8QJfwBG,2QsynagSdAqZj3U9HgDzjD
170,1jVqTEHG1Fq8xZKcTnNAL7,67ea9eGLXYMsO2eYQRui3w
171,5UI2X5VAmgu9xrlXDd5U7B,1PCZpxHJz7WAMF8EEq8bfc
172,4h1e47X26VQHXCjNZZ5P3v,2y8Jo9CKhJvtfeKOsYzRdT
173,3zNPrWuTPDQeqdj2Y8UjO1,0Lpr5wXzWLtDWm1SjNbpPb
174,1T8usYsiGEMPMQOLFgJEbE,74ASZWbe4lXaubB36ztrGX
175,5z8MFnoVUIfVo6MQW0uIul,1eEfMU2AhEo7XnKgL7c304
176,5Uv5LmSKTT9okGkr3l9MjR,7Ey4PD4MYsKc5I2dolUwbH
177,1ymHE8ItOGthDlfQmqVKEQ,450o9jw6AtiQlQkHCdH6Ru
178,0C6RxurbbsaoTUIsHi9JCR,2AV6XDIs32ofIJhkkDevjm
179,3G2E1pEwxFBOnjsrpgy39f,0LcJLqbBmaGUft1e9Mm8HV
180,6CNXUyFKuhAjKIDsV3m6kZ,22bE4uQ6baNwSHPVcDxLCe
181,2fUrVWDYASjthLVsVH53zP,2QsynagSdAqZj3U9HgDzjD
182,5VIQ3VaAoRKOEpJ0fewdvo,08GQAI4eElDnROBrJRGE0X
183,5aEtg4dxdBk4pj6SJ3hNsM,5W5bDNCqJ1jbCgTxDD0Cb3
184,5MzwGwnO9gkh0z6Nl4FF8h,6tbjWDEIzxoDsBA1FuhfPW
185,3MANoCcmaHWeXSuWiO3iVo,4BFMTELQyWJU1SwqcXMBm3
186,5Mtnj5JyvyXR6ui377dBnD,5m8H6zSadhu1j9Yi04VLqD
187,0sozfhkNTSDCVxhicblcsq,7C4sUpWGlTy7IANjruj02I
188,7hez8jibf36E66GHpFkWz7,3eskO5m0H4yiF64vRySBjr
189,7d9IZA5hVMlRqkRszYt66r,7DCnwoFMqGN6eZULdcLZeL
190,3ekkFrfotMsEAKc5g71GHk,43ZHCT0cAZBISjO8DG9PnE
191,5hBbiVCgSQ68JfWE3UAwf3,4BFMTELQyWJU1SwqcXMBm3
192,458qVQOFggPjukgycsQRX7,0rESpKEusFHxhW59MIf7eM
193,4uG8q3GPuWHQlRbswMIRS6,7oPftvlwr6VrsViSDV7fJY
194,5SqbMEyAt8332ISGiLX0St,42TFhl7WlMRXiNqzSrnzPL
195,4qGQRl6l2AjgZePqnC6jFX,2ScuQMRWThcifBRIvNDFDC
196,3,
197,33XZTGUv8p3Cl3KYwZQ2VH,4KWTAlx2RvbpseOGMEmROg
198,3lmXsm1dVoB79uF6L6phid,22JuR9OeENcP54XN5TlNWS
199,2yNaksHgeMQM9Quse463b5,0epOFNiUfyON9EYx7Tpr6V
200,10v912xgTZbjAtYfyKWJCS,711MCceyCBcFnzjGY4Q7Un
201,4OJNzJQ209FcLJg2CLz5mf,0X380XXQSNBYuleKzav5UO
202,5dqFVDJ9lPRBCqEzufd8sF,70cRZdQywnSFp9pnc2WTCE
203,24TAupSNVWSAHL0R7n71vm,3fMbdgg4jU18AjLCKBhRSm
204,6y2WHyqRUCeHrjMXvjnRmD,74ASZWbe4lXaubB36ztrGX
205,4M9csrFM1XVEpwMeYUBRmX,74oJ4qxwOZvX6oSsu1DGnw
206,3Cijd5OjHeWBm97DsPHpgs,5a2EaR3hamoenG9rDuVn8j
207,1CHUXwuge9A7L2KiA3vnR6,6GI52t8N5F02MxU0g5U69P
208,6lmjLgTFMevnJVif0iwfDi,08F3Y3SctIlsOEmKd6dnH8
209,5B4PYA7wNN4WdEXdIJu58a,1w5Kfo2jwwIPruYS2UWh56
210,70Yl2w1p00whfnC7fj94ox,6v8FB84lnmJs434UJf2Mrm
211,6uvBKDGlJAYLH5Vy6RQVsc,0k17h0D3J5VfsdmQ1iZtE9
212,52fgw2MqRIPQMLxRi7dWZl,3inCNiUr4R6XQ3W43s9Aqi
213,1YvnuYGlblQ5vLnOhaZzpn,22bE4uQ6baNwSHPVcDxLCe
214,2UCdfQEDgzWtbzpaD4Mo47,1ZikppG9dPedbIgMfnfx8k
215,7brYayd20fiMrCiVwlidRI,0WhGV9lzljq2QKJ8ipw6jx
216,0dneVriSJk88kwnkFEdiqo,2bmixwMZXlkl2sbIbOfviq
217,4FN5iIf8OUR9v35hjjcB6i,48nwxUvPJZkm8uPa7xMzmj
218,5Y0p2XCgRRIjna91aQE8q7,3yY2gUcIsjMr8hjo51PoJ8
219,11oR0ZuqB3ucZwb5TGbZxb,03r4iKL2g2442PT9n2UKsx
220,6mGpQtwteyjKS4Up9tXuND,2JRvXPGWiINrnJljNJhG5s
221,20YQiWvyD8Yi7Xge7ukVrm,3G3Gdm0ZRAOxLrbyjfhii5
222,4vQc378UGRZAaJemArhMpv,2RyY5yFlJh6jIPfMDhHgyD
223,2jVgzuKDPUnFzgtkAIzdZo,51Blml2LZPmy7TTiAg47vQ
224,6WJ1KpGCziYfCKFr5aRCe0,7mEIug7XUlQHikrFxjTWes
225,5dN7F9DV0Qg1XRdIgW8rke,7oPftvlwr6VrsViSDV7fJY
226,6yskFQZNlLYhkchAxELHi6,3eqjTLE0HfPfh78zjh6TqT
227,6ymZBbRSmzAvoSGmwAFoxm,6zvul52xwTWzilBZl6BUbT
228,5GSidytcItIkYvD0GVQ68m,6jHG1YQkqgojdEzerwvrVv
229,36IxIOGEBAXVozDSiVs09B,7Ey4PD4MYsKc5I2dolUwbH
230,6wxpS5o0ty5CLqyH5fIRln,4KDyYWR7IpxZ7xrdYbKrqY
231,1TSZDcvlPtAnekTaItI3qO,1dfeR4HaWDbWqFHLkxsg1d
232,4,1SQRv42e4PjEYfPhS0Tk9E
233,0pkrqPjeq9K5KD0hFqAKNa,1PCZpxHJz7WAMF8EEq8bfc
234,3bzgbgiytguTDnwzflAZr2,70cRZdQywnSFp9pnc2WTCE
235,1rKW8EB3mRIFqnVRo0Zcot,7dNsHhGeGU5MV01r06O8gK
236,5,4VnomLtKTm9Ahe1tZfmZju
237,4upv5ZjkKMIUBjFNthFQih,67ea9eGLXYMsO2eYQRui3w
238,7B0Nnfd4SiYFE7KzUDGHoT,0Wxy5Qka8BN9crcFkiAxSR
239,48AGkmM7iO4jrELRnNZGPV,6tbjWDEIzxoDsBA1FuhfPW
240,0J13gY691Jb1LEgAnLtJGD,6P7H3ai06vU1sGvdpBwDmE
241,4LwFCUyV4wM6SEg84PaLuL,4WPY0N74T3KUja57xMQTZ3
242,05n0d2kfwGPhKpTonLHRpY,3CQIn7N5CuRDP8wEI7FiDA
243,2T6jeELx5BqH4GMLObBy10,5M52tdBnJaKSvOpJGz8mfZ
244,5xifZlByZcZecgkP7sYSoW,7dGJo4pcD2V6oG8kP0tJRR
245,6,2zyz0VJqrDXeFDIyrfVXSo
246,6qfS5de8GAy1G5tk7tyiof,6ra4GIOgCZQZMOaUECftGN
247,0uCGpoWFUppf95em9xkD20,4TMHGUX5WI7OOm53PqSDAT
248,2iPH3iUmpa9ufIpwY76keF,47odibUtrN3lnWx0p0pk2P
249,3ImeTxETbPlg8S6cFNlova,4KWTAlx2RvbpseOGMEmROg
250,5lheTytGmdGaGlxzXu4uDY,3nFkdlSjzX9mRTtwJOzDYB
251,2de6LD7eOW8zrlorbS28na,0oSGxfWSnnOXhD2fKuz2Gy
252,2RjKmaJhyiW1UvSCKIVJOp,3nFkdlSjzX9mRTtwJOzDYB
253,6YNIEeDWqC09YIWzhoSVLg,3eqjTLE0HfPfh78zjh6TqT
254,25uNcuL4dAoV62eKmr8Q0Y,60df5JBRRPcnSpsIMxxwQm
255,3A4zAmE5c4dUAAqEJz6hCH,2ye2Wgw4gimLv2eAKyk1NB
256,0HHRIVjvBcnTepfeRVgS2f,0dmPX6ovclgOy8WWJaFEUU
257,5Vdzprr5cOqXQo44eHeV7t,6XpaIBNiVzIetEPCWDvAFP
258,6pxKSfxMV0naEz8cw1RNqv,1SQRv42e4PjEYfPhS0Tk9E
259,6ZANEjETQ9L9pjBuvOAhCQ,4qwGe91Bz9K2T8jXTZ815W
260,38uGoW7jS8jjJMvZA26sRq,5W5bDNCqJ1jbCgTxDD0Cb3
261,2UDDZVesmQwA4aYfa55diS,4TMHGUX5WI7OOm53PqSDAT
262,6vUWpE8qciYHOhf7mgaGny,2pdvghEHZJtgSXZ7cvNLou
263,6hmmX5UP4rIvOpGSaPerV8,7oPgCQqMMXEXrNau5vxYZP
264,4jxokHekH1qSad1DcC82ku,4TMHGUX5WI7OOm53PqSDAT
265,4GFWnwli2cVOBp2G1zqhV1,1eYhYunlNJlDoQhtYBvPsi
266,0OhNZ7R4dOqtDPLGp0jBAZ,24GaH9tRBgZjlvOhpFuKi2
267,62sEuMjUBIWtpeHzmvGpGQ,67ea9eGLXYMsO2eYQRui3w
268,7npBPiCHjPj8PVIGPuHXep,2CvCyf1gEVhI0mX6aFXmVI
269,2t1hVEwp82QebO7lq21Vto,4rjlerN21ygkIhmUv55irs
270,54sqbAXxR1jFfyXb1WvrHK,22bE4uQ6baNwSHPVcDxLCe
271,1xPtXzS5yCbDAqC7pxRCaF,3oDbviiivRWhXwIE8hxkVV
272,0nbA26khGDRROFRo7D90w0,4wLIbcoqmqI4WZHDiBxeCB
273,44vQAruKA43qXJI1iiybOd,6TKOZZDd5uV5KnyC5G4MUt
274,5Zx4eUC5dTg6aufiSLQ6uo,3DznKagEU8yMQZR9z33Da5
275,1S2zX2EzIJPkcptERhrkGh,7dGJo4pcD2V6oG8kP0tJRR
276,0Nr3jirS2mbLRP1s3Fn11N,5SMVzTJyKFJ7TUb46DglcH
277,4OD3LU6001esAtFshDX46M,4qwGe91Bz9K2T8jXTZ815W
278,7,
279,3HZKOk1knxrUU3y5ZIOdbz,0oSGxfWSnnOXhD2fKuz2Gy
280,7a5U0GPoAvT3gvEY66FRuN,51Blml2LZPmy7TTiAg47vQ
281,4jovLVRCu6H0Ce6NHR4eTZ,1XkoF8ryArs86LZvFOkbyr
282,5cLWh6nwcLUX2H4oGfW9Rx,4y6J8jwRAwO4dssiSmN91R
283,5gI5tMow9fEMhFk5zXdrbY,3rfgbfpPSfXY40lzRK7Syt
284,4tJPWT4r4FSKwy784Qs1Fq,6DCIj8jNaNpBz8e5oKFPtp
285,2MCX7reL7JSe8OqBoIWssA,7guDJrEfX3qb6FEbdPA5qi
286,7hI0QCwcx9GB8MZK24IfTT,3dkbV4qihUeMsqN4vBGg93
287,4lgW2v8MOtBxyuQ7erHLgj,54NqjhP2rT524Mi2GicG4K
288,4ZaIo647CyWAgow8oxqajh,4TMHGUX5WI7OOm53PqSDAT
289,1gi5YyvjsDukmns8ESiVA0,1SQRv42e4PjEYfPhS0Tk9E
290,1hryVGXoRLV9WAhO97xEDJ,3dkbV4qihUeMsqN4vBGg93
291,5eqcF7pWzHgWpGdEmHgeSN,2x9SpqnPi8rlE9pjHBwmSC
292,6BOlD6UGUg45IsUXPSplkY,74ASZWbe4lXaubB36ztrGX
293,1LiJW9P04ZsMHux1obPGUq,1nJvji2KIlWSseXRSlNYsC
294,0kT4F2mSpvTk3stwiaEStp,4WquJweZPIK9qcfVFhTKvf
295,2Om4oR7plGGub1aYe5uB7B,5l8VQNuIg0turYE1VtM9zV
296,5DM1qCdgGt2zbknnsVn1Ca,3yY2gUcIsjMr8hjo51PoJ8
297,0L8n5dW0KfoNnLuYfyOFPg,6ra4GIOgCZQZMOaUECftGN
298,1NRRN5RWwfuLmQdjshz0L7,5K4W6rqBFWDnAN6FQUkS6x
299,2hDiTEsKePTnDcvKEuLizk,3jOstUTkEu2JkjvRdBA5Gu
300,3kBG6q0aXKxzn01wKTwZr5,5M52tdBnJaKSvOpJGz8mfZ
301,17CT6ru3CyDXAi6xVaSUzg,32vWCbZh0xZ4o9gkz4PsEU
302,0QNPblZ1LIHTKja8pvHauW,6Mo9PoU6svvhgEum7wh2Nd
303,2KzCDxKpgLqBffHu1IZ7Kn,74ASZWbe4lXaubB36ztrGX
304,07Fr36M0hRPJrSJMFWGnvD,3nnQpaTvKb5jCQabZefACI
305,7BRob3Gr6uoXyEkvBdk8LK,60ht0hWRy1yjUDfNsLuHuP
306,3PpTsdpZmaLUh6RvViu9G7,3vbKDsSS70ZX9D2OcvbZmS
307,71Mwd9tntFQYUk4k2DwA0D,3WrFJ7ztbogyGnTHbHJFl2
308,4kca7vXd1Wo5GE2DMafvMc,1Mxqyy3pSjf8kZZL4QVxS0
309,4ePaYyKlg5pmQFkLu7TwV7,3IYUhFvPQItj6xySrBmZkd
310,30Perjew8HyGkdSmqguYyg,0L8ExT028jH3ddEcZwqJJ5
311,64vVYlbc3RYJoSxvl0aBGP,
312,4DVBJPJyizvHfJQt5pYaCa,02NfyD6AlLA12crYzw5YcR
313,5pbjLidJuoty9QUOy6X682,6olE6TJLqED3rqDCT0FyPh
314,1BZoqf8Zje5nGdwZhOjAtD,2Mu5NfyYm8n5iTomuKAEHl
315,2rfEqP6M51YN18YqqJZOv7,4tX2TplrkIP4v05BNC903e
316,6yL4IBWtYZZsYU0GboC1MN,1nJvji2KIlWSseXRSlNYsC
317,2l7RPWC3E6eStJJLBsUeCI,6zvul52xwTWzilBZl6BUbT
318,09jTPeDoSuJLLAwFGNUKCX,38h03gA85YYPeDPd9ER9rT
319,6axWF6fhMuB7pXAUONbGLE,6uSKeCyQEhvPC2NODgiqFE
320,6V9YnBmFjWmXCBaUVRCVXP,4Z8W4fKeB5YxbusRsdQVPb
321,6LoD5uGEynY4eqstWDFKhg,5c3GLXai8YOMid29ZEuR9y
322,7ojNQckNp7Tj2BkLJCiiUL,3HQyFCFFfJO3KKBlUfZsyW
323,5ghoXlpcDLKp3QNC2mzZ8A,5NGO30tJxFlKixkPSgXcFE
324,0MWrKayUshRuT8maG4ZAOU,0oSGxfWSnnOXhD2fKuz2Gy
325,0GBrlPh90D25SQ6EJu4VtT,6PAt558ZEZl0DmdXlnjMgD
326,0H6TddUF2M63ZSHGvhk5yy,7bu3H8JO7d0UbMoVzbo70s
327,444zYF83XQOTXmjke2JWU9,2LXeJdQVcFkhkWydphLI74
328,23O4F21GDWiGd33tFN3ZgI,5UqTO8smerMvxHYA5xsXb6
329,4rDgGYwCXgBguihVP5poOy,7GaxyUddsPok8BuhxN6OUW
330,6NYc3Yc0ChuyYWLlOoTT6n,6v8FB84lnmJs434UJf2Mrm
331,19K3IHYeVkUTjcBHGfbCOi,3WrFJ7ztbogyGnTHbHJFl2
332,4xX94uM6Kf972DJurGKnbb,4hw4TPMyAzHqNBcWtoDrK5
333,6a3a1We83O9GOK6S4EyqiP,54NqjhP2rT524Mi2GicG4K
334,4I8omVNWbar9OC5SjTkseK,6c8INA1EQQe9TkukfEdiCA
335,4ePl0meknOkJ892O9yszEY,5xUf6j4upBrXZPg6AI4MRK
336,7eyQXxuf2nGj9d2367Gi5f,4Z8W4fKeB5YxbusRsdQVPb
337,0NGM3Ftwjw0dLNpAowmz3x,6w6z8m4WXX7Tub4Rb6Lu7R
338,2rogKfOpmCFuqNhtGKf2dX,4J69yWrKwWJgjv3DKTZcGo
339,2fnWxy7UoIazBiewjgchvm,7x83XhcMbOTl1UdYsPTuZM
340,34aFnrFRBlErcbU6moRZR3,5Mhs3Eu8lU6sRCtRYsmABV
341,1xB1tmm50ZhXwrNs89u7Jx,3OsRAKCvk37zwYcnzRf5XF
342,0Tg76MY2wNK4j37iCb6qyH,762310PdDnwsDxAQxzQkfX
343,6mvI80w5r78niBmwtu7RF9,7dnB1wSxbYa8CejeVg98hz
344,4iaDgkP0M6ahEHrBynAFei,42TFhl7WlMRXiNqzSrnzPL
345,4FR8Z6TvIsC56NLyNomNRE,2x9SpqnPi8rlE9pjHBwmSC
346,8,1Z8ODXyhEBi3WynYw0Rya6
347,0Fke5eiQ6lszQHlwiFygqn,0k17h0D3J5VfsdmQ1iZtE9
348,0kDWc46IZOmh5nF7h8ZKue,4y6J8jwRAwO4dssiSmN91R
349,4FWvo9oS4gRgHtAwDwUjiO,3nFkdlSjzX9mRTtwJOzDYB
350,3s6wTRMDispMa4gCd26FPc,2lxX1ivRYp26soIavdG9bX
351,2QqocFdpBkxOBLcIRo6UuJ,6v8FB84lnmJs434UJf2Mrm
352,1NF8WUbdC632SIwixiWrLh,0WwSkZ7LtFUFjGjMZBMt6T
353,6LBiuhK7PZKjVXyMfPxPoh,5K4W6rqBFWDnAN6FQUkS6x
354,1HmCO8VK98AU6EXPOjGYyI,6zFYqv1mOsgBRQbae3JJ9e
355,9,2lxX1ivRYp26soIavdG9bX
356,3HhJGNadZnFCkAYrPgSuVR,3HQyFCFFfJO3KKBlUfZsyW
357,7jJOrLkw63nqCpzE4NWWSv,22bE4uQ6baNwSHPVcDxLCe
358,4Gg3siRefHW8r2CndJxIiJ,0kbYTNQb4Pb1rPbbaF0pT4
359,46g6b33tbttcPtzbwzBoG6,3PhoLpVuITZKcymswpck5b
360,6TxgQwGrbG3XZLNPOEhg7E,2DxlS3lTLFIq70S7ap5H3y
361,2tm3Ht61kqqRZtIYsBjxEj,1G9G7WwrXka3Z1r7aIDjI7
362,2Qs2SpclDToB087fLolhCN,40Yq4vzPs9VNUrIBG5Jr2i
363,4y1PtiYipGKKf2ioZpyfTE,0yNLKJebCb8Aueb54LYya3
364,7IKUTIc9UWuVngyGPtqNHS,22WZ7M8sxp5THdruNY3gXt
365,4Io5vWtmV1rFj4yirKb4y4,2d0hyoQ5ynDBnkvAbJKORj
366,6CZDZF62t8QaXEVPZNiwKN,6kACVPfCOnqzgfEF5ryl0x
367,6cuNyrSmRjBeekioLdLkvI,6tbjWDEIzxoDsBA1FuhfPW
368,2A7TYsmTXaHAbQx6C3phKM,0ECwFtbIWEVNwjlrfc6xoL
369,45StnugV9WQMQwk4rRoTy8,3yY2gUcIsjMr8hjo51PoJ8
370,3ApRy4edE6ZYi081aFpq4s,6ysQi6NI88X627t2srsWz6
371,50Zz8CkIhATKUlQMbHO3k1,7Ln80lUS6He07XvHI8qqHH
372,4dB2uBf7IEazBMreDVZmB2,5NGO30tJxFlKixkPSgXcFE
373,5SxBU3zQaLOq5eapsG3jFQ,2qFr8w5sWUITRlzZ9kZotF
374,5Tpor3YZBVEJ9tWD5L31mH,3fhOTtm0LBJ3Ojn4hIljLo
375,0aiTqo8YZI0dKDgcCnkkzP,5lkiCO9UQ8B23dZ1o0UV4m
376,6k9dsZpHS3DUsv8FFBQkib,7w29UYBi0qsHi5RTcv3lmA
377,10,1yNOfXGQNGjAynk77wv85x
378,1VW1MFNstaJuygaoTPkdCk,2DaxqgrOhkeH0fpeiQq2f4
379,5eg56dCpFn32neJak2vk0f,0TImkz4nPqjegtVSMZnMRq
380,3cAAbdqUj9UwqEwCTBw86g,6ZFv3wQwwWPiVDWhv0mjQK
381,01TG7VOg4F90jXv3a1yCgA,3oDbviiivRWhXwIE8hxkVV
382,5BPCP7WSGBG4br2o4WRmd8,2eRdPaLHWAL4d1WcNUO9Vz
383,01RJdKvXyz515O37itqMIJ,2x9SpqnPi8rlE9pjHBwmSC
384,0tLm9oyw4uz02ZHJDBRdmM,67ea9eGLXYMsO2eYQRui3w
385,4BcfuxQ4EO07Y53yr6YhAJ,74ASZWbe4lXaubB36ztrGX
386,0RijmFWeKvzWnceR6Ku00X,6P7H3ai06vU1sGvdpBwDmE
387,3tQd5mwBtVyxCoEo4htGAV,34EP7KEpOjXcM2TCat1ISk
388,1DIr8JMRBnm1cZMYIGKb8t,
389,4Y1isZbaqleNpbGDtP45ux,5dbuFbrHa1SJlQhQX9OUJ2
390,0rRNLpdA8nA8Sm8Fk490b9,4F84IBURUo98rz4r61KF70
391,1AqUcQKtf2AQ6rFRKIBei8,5lkiCO9UQ8B23dZ1o0UV4m
392,2pCqZLeavM2BMovJXsJEIV,3WrFJ7ztbogyGnTHbHJFl2
393,23vvbZr2ZDlJNZftFAkCqO,0QJIPDAEDILuo8AIq3pMuU
394,4UY90kcO4N9ZPBl4xPLvvU,3HQyFCFFfJO3KKBlUfZsyW
395,1R8kkopLT4IAxzMMkjic6X,066X20Nz7iquqkkCW6Jxy6
396,6gKMWnGptVs6yT2MgCxw29,3fhOTtm0LBJ3Ojn4hIljLo
397,5mAPk4qeNqVLtNydaWbWlf,6FXMGgJwohJLUSr5nVlf9X
398,5LMGAYhn2ywaxGZdtmXGpw,2AM4ilv6UzW0uMRuqKtDgN
399,4PVqDVjitmZwRx8JIs3HJP,7x83XhcMbOTl1UdYsPTuZM
400,6FHB7YdBkGKcKVf5XeSPnB,3RwQ26hR2tJtA8F9p2n7jG
401,2Y9IRtehByVkegoD7TcLfi,0L8ExT028jH3ddEcZwqJJ5
402,3kEtdS2pH6hKcMU9Wioob1,20qISvAhX20dpIbOOzGK3q
403,57GMEh9tkmc1TGs4rcdVhN,4MVyzYMgTwdP7Z49wAZHx0
404,15jDv2HgLoilWgd4KWaLQn,320TrJub4arztwXRm7kqVO
405,1E63LPwdoS3yqfB35cUXdp,3UvcmAOZt64oKpP95f6MMM
406,215g9jBzdRufNn0uFN1VZN,12VaqyEhgwDRuFfEqbnrpz
407,2UxN3UKyS3Z5r0Sra8A5RF,3RGLhK1IP9jnYFH4BRFJBS
408,34hQFIwGTLf03BZQmGL0iy,4sD9znwiVFx9cgRPZ42aQ1
409,6v5IVMmY1IvWtbfnQoiFSf,22WZ7M8sxp5THdruNY3gXt
410,185DHT5SvszXRrezx3lOjt,74ASZWbe4lXaubB36ztrGX
411,3Xp9oqOrXswimE8eD02Wty,6PAt558ZEZl0DmdXlnjMgD
412,4WXqZZ28geJSPtqLcCF56L,2i8ynmFv4qgRksyDlBgi6d
413,5viZ5HyYtV0wafK7DoXmgF,0z6zRFzl5njXWLVAisXQBz
414,1L4HE00En7eNK74voVZums,2mG8HHQ9S9kcbjcrb5N1FE
415,7DdEbYFPKTZ8KB4z6L4UnQ,2cnMpRsOVqtPMfq7YiFE6K
416,7cAcex6xw4fP67ltgn1gm3,7x83XhcMbOTl1UdYsPTuZM
417,4K3si8oMcneYTxBSLachBo,51Blml2LZPmy7TTiAg47vQ
418,5WDwQd1NNzitecaWN7BoUB,4STHEaNw4mPZ2tzheohgXB
419,3gxOtUSRzweDWBKlpj7cG6,6liAMWkVf5LH7YR9yfFy1Y
420,5JGitb0tOKRHXRYULxaP7N,15jBNfRUPUgdZOTSaNoF5l
421,11,
422,0CoNLgOwcZGBUSwd9fAZuy,7CyeXFnOrfC1N6z4naIpgo
423,4bvyr4NxDhpseVZC7bwt9Y,0rXI0q8Cahq6numvPlloaq
424,23vzCh5cDn0LzdGmGWrT1d,3eqjTLE0HfPfh78zjh6TqT
425,6UQujMGmR5MbFsML9amCuN,1KA3WXYMPLxomNuoE22LYd
426,5ttDbNMKXczvp0Z8QRgKs6,1LB8qB5BPb3MHQrfkvifXU
427,6bRT0low7Dmx61II5kKPfx,003kZCrZhoxCckVJ2jCiJC
428,3D9JqZG5Q1ptOJr8ZQ0j7I,5NGO30tJxFlKixkPSgXcFE
429,6uoeezh45SYEb8lcT8gDTY,7MSUfLeTdDEoZiJPDSBXgi
430,5oXBmKbyJeQftWMo87cQ9F,5BvJzeQpmsdsFp4HGUYUEx
431,0hBWhJEmVyNPG2Jq71CJXz,12VaqyEhgwDRuFfEqbnrpz
432,74jn28Kr29iyh8eZXSvnwi,7MSUfLeTdDEoZiJPDSBXgi
433,16YCkHew4MBxGtpqkCTx6M,7FIoB5PHdrMZVC3q2HE5MS
434,7c7fb4wBhQplfee6jWl4Ok,3UvcmAOZt64oKpP95f6MMM
435,7mhk75WqSVNIvxZumfCdvu,6olE6TJLqED3rqDCT0FyPh
436,69Wr9DvWfIJRTi5NUGeVTn,3vbKDsSS70ZX9D2OcvbZmS
437,1Do3y8IAcbYOToYQJnGwSO,55Aa2cqylxrFIXC767Z865
438,2uU6tmqDXxEAwIFkP5T0uX,5UloVKzUNJcjORzhhTWWiJ
439,3nTXqOEHr6AfTb1WSaB4Pm,6hnWRPzGGKiapVX1UCdEAC
440,2wRH4pcI8TIQFCK1MeByWO,2wzMOQwNT6ZvVB4amvhFAH
441,7lHdDQ8qsbcNWkEYtcIiHF,6uVeWolwyRDrT84lLsaZyW
442,1u2Qni8cVRptDTaA00fmBC,0UKfenbZb15sqhfPC6zbt3
443,2sXJQdHykPYcRQ7xFhwzMR,1LB8qB5BPb3MHQrfkvifXU
444,4UZmpGH8kpAgyZ2yqQ8sP9,3ICyfoySNDZqtBVmaBT84I
445,0ogpgyIPIq7CjRis7FWw6U,6QtGlUje9TIkLrgPZrESuk
446,67NkpPGMcxoIiumOW3oRpL,4WquJweZPIK9qcfVFhTKvf
447,4cYtmC2Fp8LKfxUoTAKsIb,77ZUbcdoU5KCPHNUl8bgQy
448,28eOriEfl7IGbQDNvWIWXK,5NGO30tJxFlKixkPSgXcFE
449,5spnOKcCnsfRsIBtRrRqGV,3UvcmAOZt64oKpP95f6MMM
450,12X80pgkHSjMDgAAS0HBdr,5lkiCO9UQ8B23dZ1o0UV4m
451,6GJCGWfI95aeRsdtVB52vc,6Q192DXotxtaysaqNPy5yR
452,5t4FHrIAHI8nolSAOBRgPp,0nJUwPwC9Ti4vvuJ0q3MfT
453,2HOl8gDiGGpt7wsIDi9jy5,3zpKjsMg2gw1St5WcWoUJN
454,6p7jHbG5Bd6z2JgfKx0um7,3EhbVgyfGd7HkpsagwL9GS
455,5dl01XDIMXrmjJ22obqfhQ,6OWapcJm9xd55ci9CYbAuT
456,0YbHA3w82FSmpyXxdXfuCv,3koiLjNrgRTNbOwViDipeA
457,2TpZRh7HrXYr5CzOaMHZte,43O3c6wewpzPKwVaGEEtBM
458,30yhgdz5SBUyX75OxxwUcl,3PhoLpVuITZKcymswpck5b
459,12,1FqqOl9itIUpXr4jZPIVoT
460,1EvUhZU1lQ7scplQ140i6m,5SHQUMAmEK5KmuSb0aDvsn
461,7HoqZkuUQEE12tl0ByOSsh,70MMkLXtue3Edj3RJhJkYp
462,65kIVEdb93smbnC7k4aie7,4KWTAlx2RvbpseOGMEmROg
463,2jnfTHz4rKiOXbpU88TpNS,0fgYKF9Avljex0L9Wt5b8Z
464,73BjTTmhhoiK4MGtINzp2c,6H1RjVyNruCmrBEWRbD0VZ
465,2VEDC7MJmuhhEPl20kfXxG,6RWjTQqILL7a1tQ0VapyLK
466,0RHX9XECH8IVI3LNgWDpmQ,4gzpq5DPGxSnKTe4SA8HAU
467,5Qcef60m4gcckV24PmPYVq,3eqjTLE0HfPfh78zjh6TqT
468,785WNIAl2zC3OZ6XHjFaIG,6kz7WuPaUa4QVreP27I33i
469,7m1r9h3wfPRm3Iv8uvq9vQ,2WKdxPFRD7IqZvlIAvhMgY
470,3BKvVQ3g673SWAgY4ef9z9,1P8IfcNKwrkQP5xJWuhaOC
471,3vCMmrJEx8CBtW4Hh0ehdl,5w75MoT8FfcGOMgjgrj1cz
472,34K1Kvskt9arWy8E1Gz3Lw,19ra5tSw0tWufvUp8GotLo
473,6cI1XoZsOhkyrCwtuI70CN,3yY2gUcIsjMr8hjo51PoJ8
474,4t1LLdXiWTfoywqricztFo,6wH6iStAh4KIaWfuhf0NYM
475,11LBxnHc4oRCvPd6tk8jJZ,4qmHkMxr6pTWh5Zo74odpH
476,7dRdaGSxgcBdJnrOviQRuB,5me0Irg2ANcsgc93uaYrpb
477,40Wi0Ej08sw9B4URIOabOI,2ptmyXoL7poH6Zq62h1QT9
478,0AJnJbUn82EfNk9tIpK2nk,1FE0rls8gfQT3laAeRYNgl
479,32mkDUhwDI9JCnKLjm5RGw,450o9jw6AtiQlQkHCdH6Ru
480,7btiyhWzUfzxN3ijSiBpC8,2yQf6b8hxahZaT5dHlWaB1
481,0gSmTwEd1wJS1v1lbFWZDv,336vr2M3Va0FjyvB55lJEd
482,3bEnaGjQRqfoqNkAQtO1Uy,2UBTfUoLI07iRqGeUrwhZh
483,1UMvR1rwj9EzLnbj4L6Zoy,3AmWjMXXtBJOmNGpUFSOAl
484,3LdlOZcV0dp7ePBXe2KAGa,6ysQi6NI88X627t2srsWz6
485,5pd9B3KQWKshHw4lnsSLNy,1w5Kfo2jwwIPruYS2UWh56
486,5tXZfxvr2VaWibD74nw8VL,4QQgXkCYTt3BlENzhyNETg
487,1FvdZ1oizXwF9bxogujoF0,2BTZIqw0ntH9MvilQ3ewNY
488,2eOu9QDLP2MoO04ZtII2Vm,16bN8mhtDFdegWbg0z3s10
489,2oPeCzPDtjkm2Ux5r7edAb,07XSN3sPlIlB2L2XNcTwJw
490,0Em8m9kRctyH9S3MTXAHvY,2AM4ilv6UzW0uMRuqKtDgN
491,67I17xxxioQjnisRNmuSPE,5aygfDCEaX5KTZOxSCpT9o
492,4WHI6fYfLxXBKGev2xNanW,0NKDgy9j66h3DLnN8qu1bB
493,0rPtXOMN42nsLDiShvGamv,2QoU3awHVdcHS8LrZEKvSM
494,6mm1Skz3JE6AXneya9Nyiv,0SwO7SWeDHJijQ3XNS7xEE
495,6ry5iI1ik4H2DvoiWhluYh,4KDyYWR7IpxZ7xrdYbKrqY
496,4i1GgeitxAC8fy48Cwcl54,46njgd2Rq9tZc4ZjeQMgbh
497,7rIhZOxiuEieQylkZt50TN,4F84IBURUo98rz4r61KF70
498,0um9FI6BLBldL5POP4D4Cw,1lYT0A0LV5DUfxr6doRP3d
499,294gmGzAu0wEu4UwaP9jm0,5xLSa7l4IV1gsQfhAMvl0U
500,5ceB3rxgXqIRpsOvVzTG28,1G9G7WwrXka3Z1r7aIDjI7
